Formulir Isian Data Kependudukan;;
Formulir Pertumbuhan Penduduk;;
Tahun;;
Jumlah Laki-laki;;
Jumlah Perempuan;;
;;
Formulir Populasi Penduduk per Dusun;;
Tahun;;
Nama Dusun;;
Jumlah Laki-laki;;
Jumlah Perempuan;;
;;
Formulir Kelompok Usia;;
Tahun;;
0-4;;
5-9;;
10-14;;
15-19;;
20-24;;
25-29;;
30-34;;
35-39;;
40-44;;
45-49;;
50-54;;
55-59;;
60-64;;
65-69;;
70-74;;
75-79;;
80 ke atas;;
;;
Formulir Populasi Penduduk per Agama;;
Agama;Jumlah Laki-Laki;Jumlah Perempuan
Islam;;
Budha;;
Kristen;;
Katholik;;
Hindu ;;
Konghucu;;
Lainnya;;
;;
Formulir Populasi Penduduk per Status Kawin ;;
Status Kawin;Jumlah Laki-Laki;Jumlah Perempuan
Belum Kawin;;
Kawin;;
Cerai Hidup;;
Cerai Mati;;
;;
Formulir Populasi Penduduk berdasarkan Jenjang Pendidikan;;
Tidak Sekolah;Jumlah Laki-Laki;Jumlah Perempuan
Belum Tamat SD/Mi;;
Tamat SD/MI;;
Tamat SMP/Mts;;
Tamat SMA/SMK;;
Diploma I/II;;
Diploma III;;
Diploma IV/S1;;
S2;;
S3;;
;;
;;
Formulir Populasi Penduduk berdasarkan Jenis Pekerjaan;;
Mengurus Rumah Tangga;;
Pelajar/Mahasiswa;;
Pensiunan;;
Belum Kerja;;
ASN;;
TNI;;
POLRI;;
Pejabat Negara;;
Buruh / Tukang Berkeahlian Khusus;;
Sektor Pertanian;;
Karyawan BUMN/BUMD;;
Karyawan Swasta;;
Wiraswasta;;
Tenaga Medis;;
Pekerjaan Lainnya;;